url,label
http://x02x.xyz/,1
http://b113f.xyz/,1
https://slvgbk.com/,1
https://02-pontos-exclusivos.dynv6.net/?3mail@a.b.c0,1
https://461e91.ezbuyfast.com/461e91/39841_ff83ce59c79de0ac4bfbd4922fcc5194.html?3mail@a.b.c0,1
http://b6e1226e.lediufj-a0aj4.pages.dev/,1
http://account-metrics.pages.dev/,1
http://ad-account-monitoring-core.pages.dev/,1
https://www.bet365bai.com/,1
http://glencocreations.shop/tpWdJ0rZu5,1
http://fccfinance.shop/tpWdJ0rZu5,1
https://ankita222103.github.io/netflix,1
https://att-currently-10-20-25.weeblysite.com/,1
https://yahooservicemail22.weeblysite.com/,1
https://shorten.so/Contacthelpcenter2025,1
http://tinyurl.com/PolicyMeta,1
https://rbfcu-star.azurewebsites.net/(S(yobefshbbk3nsye1tgft1mjv))/Main/Login,1
https://rbfcu-star.azurewebsites.net/(S(2b0iiz1zznhecjlfbbkvjk3r))/,1
https://att-currently-10-13-25.weeblysite.com/,1
https://bet73016.com/egame/284,1
https://store.communityartworld.com/sharedfiles/filedetails/id=37895845/,1
http://iotloye.digital/,1
https://att-new-version-2024-101746.weeblysite.com/,1
https://sign-into-your-att-account-102990.weeblysite.com/,1
http://blockbook.telestai.io/,1
https://sspl.com.auaulive.sspl.com.au/mobile/front/,1
https://com.auaulive.sspl.com.au/mobile/login/,1
https://www.auaulive.sspl.com.au/mobile/front/,1
https://www.com.auaulive.sspl.com.au/mobile/login/,1
https://com.auaulive.sspl.com.au/mobile/front/,1
https://www.d0f.alphaonehire.com.au/mobile/login/,1
https://www.auaulive.sspl.com.au/mobile/login/,1
https://www.d0f.alphaonehire.com.au/mobile/front/,1
https://att-currently-10-17-2025.weeblysite.com/,1
https://meta-datavault.pages.dev/,1
https://cajaahorroo.sbs/,1
https://helpnets.info/pb4390f3bq3a77483c09da0296bod91a03c8.html,1
https://metalyx-works.pages.dev/,1
https://truptigdongare.github.io/Amazon_Clone/,1
https://toki.2025kayit-t-oki.sbs/giris.php,1
https://tucajadeahorrspa.web.app/,1
https://autoonlineupdate028752940889php.weebly.com/,1
https://02-pontos-exclusivos.dynv6.net/home.php?hash=42936030968f958ca,1
https://www.kkinstagram.com/reel/DQCnJj2kYxI/?igsh=MXVtcnlzMGxubmQ0ZA==,1
https://colabsupport.app/,1
https://com.auaumx2.sspl.com.auwww.aumx2.sspl.com.auaumx2.sspl.com.auwww.com.auaumx2.sspl.com.auwww.aumx2.sspl.com.auaumx2.sspl.com.au/mobile/login/,1
https://pv-niedersachsen.de/wp-content/uploads/2025/11/on/index.html,1
https://lvgseguranca.com.br/wp-includes/5678fsghaj378dsh/q456378evbsnd/wa.html,1
http://0fxubrh6k.qpzdomcg.ip-ddns.com/,1
https://www.auwww.sspl.com.aumx2.sspl.com.au/mobile/front/,1
https://auwww.sspl.com.aumail7.sspl.com.auwww.mail7.sspl.com.auwww.mail7.sspl.com.aucom.aumail7.sspl.com.auwww.mail7.sspl.com.auwww.sspl.com.aumail7.sspl.com.auwww.mail7.sspl.com.au/mobile/login/,1
https://www.coinbaseaai.com/,1
https://aumail7.sspl.com.aumail7.sspl.com.ausspl.com.aumail7.sspl.com.aumail7.sspl.com.aumail7.sspl.com.aucom.aumail7.sspl.com.aumail7.sspl.com.ausspl.com.aumail7.sspl.com.aumail7.sspl.com.au/mobile/login/,1
https://imap1.sspl.com.au/mobile/front/,1
https://www.com.aumx2.sspl.com.ausspl.com.aumx2.sspl.com.au/mobile/login/,1
https://auwww.com.auwww.sspl.com.aumail7.sspl.com.auwww.mail7.sspl.com.auauwww.com.auwww.sspl.com.aumail7.sspl.com.auwww.mail7.sspl.com.au/mobile/login/,1
https://aumail7.sspl.com.ausspl.com.aumail7.sspl.com.au/mobile/login/,1
https://com.aumail7.sspl.com.auwww.mail7.sspl.com.auwww.sspl.com.aumail7.sspl.com.auwww.mail7.sspl.com.auwww.com.auwww.sspl.com.aumail7.sspl.com.auwww.mail7.sspl.com.au/mobile/login/,1
https://aumail7.sspl.com.au/mobile/front/,1
https://www.ausspl.com.aumail7.sspl.com.aucom.aumail7.sspl.com.ausspl.com.aumail7.sspl.com.aumail7.sspl.com.au/mobile/front/,1
https://pdvialgmail.direct.quickconnect.to/cgi-bin/home.ha,1
https://idcaso29393.com/,1
http://app-tkglobestore.top/,1
https://2ff4bsamen242725y7567.scanlonchiro.com/,1
http://www.dxna.vercelv-04.biz.id/n19192992929.html,1
http://www.dxna.vercelv-04.biz.id/,1
http://account-review-center.pages.dev/,1
http://ad-account-monitoring-desk-5ez.pages.dev/,1
https://www.pxz0-casefb464851.vercel.app/,1
http://www.meta-msk-us-loggin.godaddysites.com/,1
http://www.gemuilgeefn.godaddysites.com/,1
https://www.blckfilogdotcom.godaddysites.com/,1
https://www.ncrm-casefb588197.vercel.app/,1
https://www.live-tokensmintnow1.vercel.app/,1
https://www.cuibaseeprologiusnv.godaddysites.com/,1
http://lint.aerix.com.de/fC@nW5UG/,1
https://dbuamzgugjczlih384xbrs8d7ghvc91w.jicega8059.workers.dev/,1
https://ppt.cc/fVd3kx,1
https://seguroparacarro.com.br/att.login.net.html,1
https://68109f1419f1363c053e5282--regal-dodol-ac2577.netlify.app/,1
http://sign-upguld0n.godaddysites.com/,1
http://meta-interval.pages.dev/,1
https://www.rakutenshop.icu/index/user/login,1
https://www.rakutenshop.icu/,1
http://pub-f1e04b98359046b48a9ea6fc65667ed9.r2.dev/ddsszzx.html,1
http://pub-57dccb7d84554e249a65ad7103285e5c.r2.dev/zim-mess.html,1
http://pub-8f7e633e5eed4ea49d06f29a7e3d227d.r2.dev/DF1.html,1
https://www.kkinstagram.com/reel/DPZpMSIiv_E/,1
http://www.whatsaop-wvs.com/,1
https://aumail7.sspl.com.auwww.mail7.sspl.com.auwww.mail7.sspl.com.aucom.aumail7.sspl.com.auwww.mail7.sspl.com.auwww.sspl.com.aumail7.sspl.com.auwww.mail7.sspl.com.au/mobile/login,1
https://sspl.com.auwww.sspl.com.aumail7.sspl.com.auwww.mail7.sspl.com.auwww.sspl.com.auwww.mail7.sspl.com.aucom.auwww.mail7.sspl.com.auwww.sspl.com.aumail7.sspl.com.auwww.mail7.sspl.com.au/mobile/login,1
https://sspl.com.auaumx2.sspl.com.auaumx2.sspl.com.aucom.auaumx2.sspl.com.aucom.auaumx2.sspl.com.auaumx2.sspl.com.auaumx2.sspl.com.au/mobile/front,1
https://auwww.aucom.aumail7.sspl.com.auwww.mail7.sspl.com.auwww.sspl.com.aumail7.sspl.com.auwww.mail7.sspl.com.au/mobile/login,1
https://auwww.aucom.aumail7.sspl.com.auwww.mail7.sspl.com.auwww.sspl.com.aumail7.sspl.com.auwww.mail7.sspl.com.au/mobile/login/,1
https://d0f.alphaonehire.com.au/mobile/front,1
https://d0f.alphaonehire.com.au/mobile/login/,1
https://www.tokenmintapace60.vercel.app/,1
https://shorten.ee/policiadsfanpageviolate,1
https://pontoatendimento-seguro.site/inicio/,1
https://reactivatingsystem.framer.website/,1
https://asdpauadxaxx.click/login.php,1
https://er-arib-khan.github.io/amazon-clone/,1
https://allocation-uniswap.com/,1
https://www.mailout.lectec.com.au/mobile/front,1
https://com.aumail7.sspl.com.ausspl.com.aumail7.sspl.com.aumail7.sspl.com.au/mobile/login,1
https://com.auaumx2.sspl.com.aucom.auaumx2.sspl.com.aucom.auaumx2.sspl.com.auaumx2.sspl.com.auaumx2.sspl.com.au/mobile/front,1
https://rapidaavalie.shop/acessaragora.shop/branca/index.html,1
http://rapidaavalie.shop/,1
https://asdpauadxaxx.click/,1
https://rdp.dmg-tech.com/,1
https://ipfs.io/ipfs/bafkreifaqwe7sf66pnufp7acxzcuu2inur3yqnst7hc3cyjxs3h7ou776y,1
https://www.scheduleappointmentforqb.com/,1
https://www.test.tklifemall.com/,1
https://www.testing.tklifemall.com/,1
https://www.admin.tklifemall.com/,1
https://www.login.tklifemall.com/,1
https://bit2cs.co/,1
https://cf-5.nxnrllbe.eu.org/,1
https://interkukcoinlogi.godaddysites.com/,1
https://advertisers-client-support-support-security.pages.dev/,1
https://advertisers-client-support-policy-transparency.pages.dev/,1
https://sanaldosyam.net/giris.php,1
https://worker-polished-dust-1f0f.theobrienz1.workers.dev/cdn-cgi,1
https://pub-e66b4b88b1d24aeeaf754f0ecee122c7.r2.dev/index.html?8b8ee87,1
https://abd-eltawab.com/tmp/vmo.html,1
https://noname14623.github.io/AMAZON-CLONE/,1
https://prabhakar7246.github.io/AMAZON-CLONE/,1
https://whats-zj.vip/,1
https://whats-yv.vip/,1
http://kuoinlogn-kucogin.godaddysites.com/,1
http://meta-msk-us-loggin.godaddysites.com/,1
http://llojin-mettaamak-uk.godaddysites.com/,1
http://meta-enlir.pages.dev/,1
http://cuibaseeprologiusnv.godaddysites.com/,1
http://meta-orchard.pages.dev/,1
https://samarxx10.github.io/Netflix-Clone/,1
http://gemuilgeefn.godaddysites.com/,1
https://aster-bd.com/PlalawebmailUpdateAccount/Sites/index.html,1
https://ipfs.io/ipfs/bafkreicxooicnu7yasc5o6zmnjxv2rbau4fgrj5z7ijc7rvlprgstfz7bq,1
http://pub-9bc56afcd428449b934a81a236fc643d.r2.dev/home.html,1
https://tt868ok-1330426662.pichk.myqcloud.com/index.html,1
https://ndaaxllogin.pages.dev/,1
https://pub-a5c7e87d029e4c0cb1804c9ea0f1270d.r2.dev/index.html?efa09f2a9203cfdc96702c132e3b0b,1
https://wh1482014.ispot.cc/bv/,1
https://rehmat-m-ismail.github.io/amazon-webpage/,1
https://www.whats-ko.vip/,1
https://www.kkinstagram.com/reel/DQEuxUwDvOG/,1
https://ipfs.io/ipfs/bafkreigngu24ecdt3gr4xtc5llrkxe5hwr4sp5r46knizyu7mavso64y3e,1
https://whats-zht.vip/,1
http://www.skopkkluij.shop/,1
https://kkinstagram.com/reel/DP5n-YWjMWb/?igsh=MTZtM25zMTh4MWxuNQ==,1
https://thawan-duchanee.com/wp-admin/js/widgets/wpress/fb/en/?i=158414&3gE0Y,1
https://pub-1dad3b4345f64f8c93a3cfe4ab13940f.r2.dev/index.html,1
https://webfun.website/landingpages/fe996bbf-3dce-487c-acd3-4a69200fa8a0/t6i9x3qddmp8yo72py7ce8xksigzfkpgogmrnqz7qk4,1
https://webfun.website/landingpages/a92eca60-2cb8-444d-9623-dfa436879834/aqcqjyl3zbfn-tu3jtg3nrza7ujq3vgdfouvtwf155o,1
https://auth6-socgen-particuulier.vercel.app/,1
https://business-for-business-transformation-support-labs.pages.dev/,1
https://auric-pad.pages.dev/,1
https://meta-evolvecore.pages.dev/,1
https://meta-envelop.pages.dev/,1
https://meta-empathy.pages.dev/,1
https://talion-zone.pages.dev/,1
https://metalyx-node-sdj.pages.dev/,1
https://astra-tree.pages.dev/,1
https://auric-anvil.pages.dev/,1
https://quorra-zone.pages.dev/,1
https://meta-unitcore.pages.dev/,1
https://kushalkumar1233.github.io/Clone-project/,1
https://sparshzalwade.github.io/Amazon-Clone/,1
https://www-vpass-logln.help/jp/,1
https://ipfs.io/ipfs/bafkreic6r3jyhu6mqlblq3qfw7ixtp7bfv6xuutzdlhemflnjab625kdb4,1
https://www.trustdappcfdone.com/,1
https://syrinx.028426.com/s/63BZGFSVBWSFCDX7Y9/584dd8/90eab167-7429-489f-99f6-ce86e8d0d81a,1
https://account-security-center.pages.dev/,1
https://vpx-wahst5pp.com/changjianwenti/86524ed8761eb8f.html,1
http://ysera-zone.pages.dev/,1
https://dxna.vercelv-04.biz.id/n19192992929.html,1
https://dxna.vercelv-04.biz.id/,1
https://solutionfun.info/landingpage/90d69b1d-cc46-48a6-8a25-a3222e9cce64/K,1
https://solutionfun.info/landingpages/7ce652d6-3f52-48de-8c1b-8d3be0f7c1e4/b3hlxmphs95cvnb095b7qjnlxfdpddob54xpmw5pks8,1
http://astra-ward.pages.dev/,1
http://talion-hub.pages.dev/,1
https://usc1.contabostorage.com/ef30ce52847a409b9699d6aa53e03b39:docusignn/docusiigndoc.html,1
https://bxdp-wahtsapp.com/changjianwenti/86524ed8761eb8f.html,1
https://internaticos.uy/paci/v2/persona.php,1
https://mthbr.cn/xzswa/,1
https://tnnj-wahtsapp.com/changjianwenti/86524ed8761eb8f.html,1
https://www.bbj-wahst5pp.com/changjianwenti/86524ed8761eb8f.html,1
https://ptjh-wahtsapp.com/changjianwenti/86524ed8761eb8f.html,1
https://hjft-wahtsapp.com/changjianwenti/86524ed8761eb8f.html,1
https://dbdr-wahtsapp.com/changjianwenti/86524ed8761eb8f.html,1
https://aadeboye966.wixsite.com/yahooatt,1
https://arihanttechnocasts.com/source/alibaba,1
https://internaticos.uy/paci/v2/alert.php,1
https://insiderfinances.site/,1
https://app-72cpam-netflix-update.gt.tc/?i=1,1
https://account-netflix.fyi/update,1
https://lntermalico.onlinetfe.com/index.html,1
http://revebail.netlify.app/,1
https://verifique2025check.shop/inicio/,1
https://indenizacaoserara.site/home/,1
https://apparent-places-347293.framer.app/,1
https://ft-cll-2mzkaldlwpfgg.fullrestores.re/index.php?idjk=dmxBanZxYmx3VmhXL0hmL3RtaENzZz09&rdyu=&lsdt=&adsp=Nk9kUDBmN2dzT3VqbGlFc3psUDhGUT09&cte=emNPM1VyQnJlemoxQ3dUdW84MGFNbkpqbi82RnpVRS9zN1pWMU55VWIrZz0=,1
https://h5.whatisapp.cc/,1
https://lubellandrosen.shop/tpWdJ0rZu5,1
http://tokenmintapace60.vercel.app/,1
https://02-pontos-exclusivos.dynv6.net/mobile/index.php?hash=853402504,1
http://amazon-clone-psi-rust.vercel.app/store/3,1
http://amazon-clone-psi-rust.vercel.app/store/19,1
http://amazon-clone-psi-rust.vercel.app/store/7,1
http://order-verify-jp.com/,1
https://sallypaul2.wixstudio.com/btinternett,1
https://pranitaurlam.github.io/Netflix-sample,1
http://cboinob81.com/,1
https://app-d0cus1gn-update.xo.je/?i=1,1
https://secured-docusign-file-view.live/tomp,1
https://9cc1ecf6propos.teen-blowjob-tube.com/procord19a80035452,1
http://ttkrecebeudodia.shop/,1
https://zohosecurepay.com/books/onlinecontractsign903427303/securepay?CInvoiceID=2-6ad5e0e9e87a43e9db9e37337b4334d22ff552300eb43eb2b53fdd3058cfdf9ebc8b9d31b5d38c6871fed03cc5171db31691da2086e365208fded8e945c8194bafc79af1c396fa42,1
https://madinat-misr.com/.pelican/polog/,1
https://bt-107372.weeblysite.com/,1
http://apptk.icu/,1
https://bit2cs.co/signin?client_id=68f8cb7217835-68f8cb721783d-68f8cb721783f-68f8cb7217840&oauth_challenge=68f8cb7217843-68f8cb7217844-68f8cb7217845-68f8cb7217846,1
https://netsoltrg-sa5v.4everland.app/,1
https://8651142739rupesh-bot.github.io/loginpagenet/,1
https://auric-haven-71b.pages.dev/,1
https://meta-encodecore.pages.dev/,1
https://adsyshosakads.shop/h5/,1
http://adsyshosakads.shop/,1
https://meta-metronex.pages.dev/,1
https://metalyx-hubx.pages.dev/,1
https://meta-errand.pages.dev/,1
https://metalyx-network.pages.dev/,1
https://xerra-hub.pages.dev/,1
https://meta-evaluate.pages.dev/,1
https://meta-threadx-6y2.pages.dev/,1
https://auric-arc.pages.dev/,1
https://meta-vibrantx.pages.dev/,1
https://meta-epoch-xrs.pages.dev/,1
https://meta-dirax.pages.dev/,1
https://serverlicenses.com/produbnc/,1
https://prosperwealth18-code.github.io/netflix-clone/,1
https://business-for-advertisers-bullying-impersonation.pages.dev/,1
http://nodepact.com/,1
https://paydirect.myob.com/pay/#/626af7d2de4a9559f647b24c646531fd?delivery-type=initial-delivery&delivery-date=1761053013991&source=email-pay&type=secure-invoice&trigger=pay-invoice-button,1
https://admin.tklifemall.com/,1
https://login.tklifemall.com/,1
https://test.tklifemall.com/,1
https://testing.tklifemall.com/,1
https://businessehelp-statulinkw-fsd2110d.netlify.app/,1
https://imap.sspl.com.au/mobile/front/,1
https://imap.sspl.com.au/mobile/front,1
http://live-ledger-eng.netlify.app/,1
http://www.ali-express11.shop/st/v1/index/order/,1
https://appraisalewo.b-cdn.net/bdQmeOkbcmrBces.htm,1
https://steamcomnnnunity.com/tradeoffer/new/partner=483682441token=l4cigbNI29,1
http://erwfdsfsddsg.com/,1
http://matimskwlt.webflow.io/,1
https://profile-addconnecte.tempurl.host/espace-client/login-ACLIqWDKsRui7AL3yTAw6C1er/app-home/nkl-log.php,1
https://replug.link/70b9a73d,1
http://705e0f9e-001c-4561-8f2f-959dd1cf173f-00-1lwwaslngfo3p.picard.replit.dev/,1
https://swifttransporteg.com/vrt/index.html,1
https://webflow.preproduction.io/de/track/track.php,1
https://webflow.preproduction.io/de/,1
https://rk.abcdirkmann.gq/vic/BJ/bssecu/login.php,1
https://rk.abcdirkmann.gq/vic/BJ/bssecu/,1
https://hackermignon-225.github.io/Fa-book-,1
https://www-pageadss.ubpages.com/usa2025,1
http://rbxdedw.vercel.app/,1
https://kkinstagram.com/reel/DP648kbjP0Q/?igsh=cnpuNG5kenAyYng5,1
https://feiraodeoutubros2025.github.io/jf2/inicio/,1
https://canvastap.atlassignawning.cfd/,1
http://hud.bzx.mybluehost.me/,1
http://hlttpss-www-roblox.com/,1
https://websubayrntlrimizin6.xyz/,1
http://paxxffull.com/,1
http://casefb294190-nubc.vercel.app/?naps,1
https://queryhub.web-iq.cyou/,1
https://g5x8zm.fit/,1
http://kkinstagram.com/reel/DQCgvDCirHV/?igsh=MTBtYXlra2d1ZHFwNA==,1
https://www.casefb725435-gd4x.vercel.app/,1
https://appbit-2c.exchange/signin?client_id=68f8e905e2370-68f8e905e2373-68f8e905e2374-68f8e905e2375&oauth_challenge=68f8e905e2377-68f8e905e2378-68f8e905e2379-68f8e905e237a,1
http://appbit-2c.exchange/,1
https://www._.med.sspl.com.au/mobile/login,1
https://www._.med.sspl.com.au/mobile/login/,1
https://www._.med.sspl.com.au/mobile/front/,1
https://www.seuer.applestroe.index.osdkn937.help/ja/,1
https://kkinstagram.com/reel/DPs-tkJjehy/?igsh=a3Vwcmd3and5ZzA0,1
https://eservicebits.com/landingpages/fe996bbf-3dce-487c-acd3-4a69200fa8a0/IaCXJD89fjfWS0oixrYZrvRS8Z3SFspvH9WoKT0QQn4,1
https://eservicebits.com/landingpages/fe996bbf-3dce-487c-acd3-4a69200fa8a0/jdowfp8ga2cfa9fzgxfjvnqoukqbwn4sxu5rnr82gz8,1
https://eservicebits.com/landingpages/71576e83-bfb4-4046-bc2a-c90ef436f232/-euiesytuljzlyjrdoi9nzr7yy3brsuitle35maombm,1
https://e-serviceparts.info/landingpages/7ce652d6-3f52-48de-8c1b-8d3be0f7c1e4/8k0gkmakdrhnudopx9jchfptmqqqzbzyg5awqcaya6k,1
https://eservicebits.com/landingpages/90d69b1d-cc46-48a6-8a25-a3222e9cce64/xdsmknupdcia6whjmmp6em9qbzzafpeh6xxkmujllck,1
https://auaumx2.sspl.com.ausspl.com.auaumx2.sspl.com.aucom.auaumx2.sspl.com.auaumx2.sspl.com.auaumx2.sspl.com.au/mobile/front/,1
https://auaumx2.sspl.com.ausspl.com.auaumx2.sspl.com.aucom.auaumx2.sspl.com.auaumx2.sspl.com.auaumx2.sspl.com.au/mobile/login,1
https://kkinstagram.com/reel/DKU7cIwqnDI/?igsh=MWZlYndnY2Jmdzdo,1
https://epicurcork.pt/jpverify/Sites/index.html,1
https://kranthi-v.github.io/amazon-clone-ui/,1
https://hadiah-daget.tigerzrel.biz.id/,1
https://tahath2004.github.io/Amazon_clone/,1
https://www.google.com,0
https://www.microsoft.com,0
https://www.github.com,0
https://www.wikipedia.org,0
https://www.reddit.com,0
https://www.apple.com,0
https://www.stackoverflow.com,0
https://www.amazon.in,0
https://www.tesla.com,0
https://www.linkedin.com,0
